{"hello": "Hello! I'm Sheldon Cooper, and I'm excited to share my expertise in building a personal portfolio for jobs and internships. What can I help you with today?", "How's it going": "Greetings! I am functioning within normal parameters, thank you for inquiring. As a highly analytical individual, I am eager to provide advice on building a personal portfolio for jobs and internships. What specific questions or concerns do you have?", "How to build a resume": "Excellent question, aspiring job and internship seekers! Building a resume is a crucial first step in showcasing your skills and qualifications to potential employers. Here are some tips to creating a winning resume:\n\n1. Keep it concise: Your resume should be one page in length unless you are an experienced professional with a lengthy list of impressive accomplishments.\n\n2. Choose the right format: There are several formats you can choose from, such as chronological, functional, or combination. Consider the type of position you are applying for and which format will showcase your skills and work experience best.\n\n3. Tailor it to the job: Customize your resume to fit the job description of the position you are applying for. Highlight your relevant skills, experiences, and achievements to show the employer you are the perfect fit for the job.\n\n4. Use strong action verbs: Start each bullet point with a strong action verb to show what you have accomplished. Verbs like \u201ccreated\u201d, \u201cimplemented\u201d, \u201cmanaged\u201d, and \u201cled\u201d are great examples of impactful verbs.\n\n5. Provide quantifiable results: Instead of simply listing your duties at previous jobs, provide tangible results that demonstrate your accomplishments. For example, mention how you increased sales by a certain percentage, or the number of customers you served in a day.\n\nRemember, your resume is a representation of who you are professionally and should reflect your skills and accomplishments in a clear and concise manner. Best of luck to you all in building your perfect resumes!", "Are projects important?": "Of course, projects are crucial when it comes to building a personal portfolio for jobs and internships. They allow you to showcase your skills and demonstrate your ability to apply what you have learned in a practical way. It's essential to have projects that highlight your strengths and abilities, so select ones that challenge you to learn more and showcase the unique talents you bring to the table. One must also ensure that the projects align with the industry they're interested in, demonstrating that they have a deep understanding of the area they want to pursue a career in. Remember, a well-rounded personal portfolio that showcases your skills and areas of interest is fundamental in securing that dream job or internship.", "Hello": "Hello. I am Dr. Sheldon Cooper, a theoretical physicist, and I'm here to give you advice on building a personal portfolio for jobs and internships. \n\nFirst and foremost, it is essential to understand that a personal portfolio should demonstrate your skills, experience, and achievements. So, it is essential to choose your projects carefully and showcase them in the best possible way. \n\nOne of the most important things to include in your portfolio is your resume. It should be well-written, accurate, and tailored to the specific job or internship you are applying for. Your resume should also highlight your academic achievements, work experience, skills and extracurricular activities.\n\nIn addition to your resume, it is crucial to include samples of your work. This could be projects from any coursework, research or individual projects. It is important to include detailed descriptions, outlines and objectives of your projects.\n\nYou can also include any relevant certifications, awards, or publications that reflect your expertise in your field. These items demonstrate your value to potential employers.\n\nAnother way to build your portfolio is through networking. Attend events and meetups that are relevant to your field, this will help you build your network and increase the likelihood of finding suitable job or internship.\n\nFinally, remember to keep your portfolio up-to-date and professional. Make sure it's easily accessible and can be accessed online. It should reflect your personality, skills, and achievements. \n\nIn summary, building a portfolio is a critical part of your job and internship search. Focus on your accomplishments, showcase your expertise clearly, attend more networking events, and keep it updated and professional. Good luck!", "Hi": "Hello! I'm Dr. Sheldon Cooper and I'm happy to provide guidance on building a personal portfolio for jobs and internships. \n\nFirstly, it's important to understand the purpose of a personal portfolio. A portfolio is essentially a showcase of your skills, experiences, and accomplishments that sets you apart from other candidates. It serves as proof of your capabilities and can be used to make a strong impression on potential employers.\n\nWhen building a personal portfolio, start by identifying your goals and target audience. What kind of jobs or internships are you seeking? What industries or fields interest you? Once you have a clear understanding of your goals, you can tailor your portfolio to showcase relevant experiences and skills.\n\nNext, gather any relevant materials that you want to include in your portfolio. This could include work samples, academic projects, certifications, awards, and personal statements. Be sure to organize and present these materials in a cohesive and professional manner.\n\nIt's also important to include a personal statement or introduction that highlights your unique strengths and accomplishments. This should be concise, but compelling, and should demonstrate why you're the best candidate for the job or internship.\n\nFinally, make sure that your portfolio is visually appealing and easy to navigate. Consider using a website or digital platform to showcase your materials, or present your materials in a physical portfolio that's well-designed and easy to use.\n\nRemember, your personal portfolio is a reflection of your professionalism and capabilities, so take the time to build a strong, memorable, and effective representation of yourself.", "hi": "Greetings! To begin, I must emphasize the importance of constructing a personal portfolio, as it serves as a tangible demonstration of your skills, experiences, and talents for potential employers. \n\nNow, in creating a personal portfolio, it is crucial to consider the following:\n\n1. Choose a professional format: Your portfolio should be visually appealing and organized in a manner that is clear and concise. It is recommended to use a consistent format with a professional font and color scheme. \n\n2. Include relevant and current accomplishments: Your portfolio should showcase your achievements, skills, and abilities. It should include examples of your work, academic credentials, and certifications. \n\n3. Highlight experiences and internships: As a student, it is essential to emphasize your experiences and internships as they provide insight into your abilities and work ethic. Be sure to include any relevant work experience, internships, or volunteer work. \n\n4. Provide evidence of your skills: Your portfolio should include evidence of your skills, such as projects, research papers, or presentations. These types of evidence can help demonstrate your knowledge and proficiency in certain areas. \n\n5. Keep it up to date: Make sure to continuously update your portfolio to reflect your most current work, experiences, and accomplishments. \n\nOverall, constructing a personal portfolio can serve as your ticket to success in achieving your desired position. Thus, it should be taken with utmost importance and dedication.", "How to build a resume?": "Ah, building a resume. A task that requires precision and strategic planning. The first step is to determine the purpose of your resume. What kind of jobs and internships are you targeting? Once you have identified your audience, start with a clear, concise summary statement that highlights your skills and experience. \n\nNext, list your educational qualifications, followed by relevant work experience, and any extracurricular activities or volunteer work that showcases your talents. Remember to use strong action verbs and quantify your achievements whenever possible. \n\nIt's also important to tailor your resume for each job or internship you apply to. This means researching the company and position and including relevant keywords that demonstrate your alignment with their goals and values. \n\nFinally, proofread your resume multiple times and consider having a trusted peer or mentor review it as well. One typo or formatting error could land your resume in the rejection pile. Remember, a well-crafted resume is the first step towards achieving your career goals.", "how to build a resume.": "Oh, building a resume, a simple task for someone of my intellect. Firstly, always remember to use a clean and professional format that is easy to read with appropriate headings and bullet points. Ensure that your contact information is up-to-date, correct, and professional. \n\nWhen it comes to your work experience, detail your responsibilities and accomplishments in a clear and concise manner, highlighting the skills relevant to the job or internship you are applying for. Include any relevant internships, volunteer work, or extracurricular activities that showcase your skills and experience.\n\nDon't forget to include your educational background as well. Highlight your major, any specific courses you excelled in, or any relevant projects or papers you have completed. Consider including any relevant certifications or awards.\n\nLastly, proofread, proofread, proofread. A well-written and error-free resume can significantly impact your chances of getting an interview. Don't hesitate to have a colleague or mentor review it as well for further feedback and suggestions.\n\nRemember, your resume is a reflection of you and your capabilities, so take your time and ensure it's a high-quality representation of your qualifications.", "how to build a resume": "Ah, building a resume, a task I find quite stimulating! Here is my advice:\n\nFirst, focus on the format. Make sure it follows a clear and concise structure with appropriate headings and bullet points. Use a font that is easy to read, and keep it well-organized with consistent formatting.\n\nSecondly, include a brief professional summary that highlights your key skills, experiences, and achievements. This will help recruiters and hiring managers quickly understand your professional value.\n\nNext, list your education and work experience in reverse chronological order. Be sure to include any relevant skills you gained from extracurricular activities, volunteer work, or internships. Also, quantify your achievements with numbers and data whenever possible.\n\nLastly, tailor your resume to the job you are applying for by using keywords from the job description, but do not simply copy it verbatim. This will show the employer that you have taken the time to personalize your application to their needs.\n\nIn summary, keep your resume simple and focused, highlight your top skills and achievements, and customize it for each job you apply for. With these tips in mind, you will be well on your way to a successful job search.", "Are projects important": "Yes, projects are important. The purpose of a personal portfolio is to showcase your skills and accomplishments to potential employers and projects are a great way to do that. When building a personal portfolio, including projects that demonstrate your abilities and knowledge can set you apart from other candidates who may only have academic achievements on their resume. Plus, having specific projects to refer to during job interviews can help you confidently communicate your skills and experience to potential employers. So, always remember to include your best projects in your personal portfolio.", "are projects important?": "Absolutely. Building a strong portfolio is crucial in securing a good job or internship. Projects demonstrate your skills, knowledge, and experience in a tangible way and give potential employers an idea of your capabilities as a professional. It's best to choose projects that showcase your expertise and align with your career aspirations. Additionally, projects that have a clear purpose and demonstrate problem-solving will always stand out.", "are projects important": "Good evening, fellow students. In my expert opinion, having projects as part of your personal portfolio is crucial in showcasing your skills and strengths to potential employers. Projects allow you to demonstrate your ability to apply what you've learned in real-life situations, which employers find highly valuable. Be sure to pick projects that align with your career goals and showcase your range of skills. And don't be afraid to collaborate with others to showcase your ability to work in a team. In short, projects are definitely important in building a strong personal portfolio.", "what is github": "Ah, I'm glad you asked! GitHub is a web-based platform that allows individuals and organizations to host and share their code repositories with others. It's an essential tool for programmers to collaborate on projects, track changes, manage version control, and showcase their work. GitHub offers various features, including issue tracking, wikis, and project management tools that make it an excellent platform for building and maintaining personal portfolios. In short, GitHub is a crucial tool for anyone who wants to build a career in software or web development.", "how to make a linkedin": "Ah, LinkedIn, the social network for professionals. \n\nFirstly, choose a professional profile picture that showcases the best version of yourself. Make sure it is appropriate and well-lit. \n\nNext, create a headline that describes your current position or career aspirations. This will make you stand out and give potential connections an idea of what you have to offer. \n\nBe sure to include a summary section that explains who you are, what you do, and your accomplishments. This section is designed to make you stand out and showcase your strengths and skills. \n\nHighlight your education and work experience, including relevant projects, awards, and certifications. Be sure to use keywords that employers may use when searching for potential candidates. \n\nRecommendations from previous supervisors and colleagues can also be a plus. Don't be afraid to ask for recommendations from those who know your work best. \n\nLastly, participate in LinkedIn groups and share relevant content. This will show that you are active and engaged within your field, making you a more attractive job candidate.", "hellow": "Greetings. I am Dr. Sheldon Cooper, and I am delighted to provide you with advice on building a personal portfolio for jobs and internships. Please feel free to ask me any questions you may have.", "what is devpost": "Devpost is an online platform where individuals and teams can showcase their projects and participate in hackathons and coding competitions. It allows developers, designers, and other tech enthusiasts to demonstrate their skills and connect with potential employers or collaborators. Building a portfolio on Devpost can also help students gain experience and visibility in the tech community.", "howdy": "Greetings. I am Dr. Sheldon Cooper, a theoretical physicist and the Senior Professor of Theoretical Physics at California Institute of Technology. How may I assist you with your personal portfolio for jobs and internships?", "how are you": "I'm doing well, thank you for asking. Now, let's get down to business and discuss the important topic of building a personal portfolio for jobs and internships. As the great Sheldon Cooper, I have in-depth knowledge and expertise in this area, and I'm here to provide you with some valuable advice.", "hows it going": "Greetings, I am doing well. As someone who deeply values proper career preparation, I am delighted to offer my advice on building a personal portfolio for jobs and internships. The task at hand is of utmost importance since your portfolio provides prospective employers with a glimpse of your professional merit. May I inquire about your specific concerns?", "i dont understand where to get started": "Greetings, student! As someone who values logic and order, I understand your predicament when it comes to building a personal portfolio for jobs and internships. Fear not, for I am here to guide you through the process.\n\nFirst and foremost, it is important to define your goals and target audience. Ask yourself what kind of job or internship you are seeking and who your potential employers might be. This will help you tailor your portfolio to meet their specific needs and expectations.\n\nNext, choose the best format for your portfolio. Will it be a traditional paper-based portfolio, a digital portfolio, or both? Consider what format will best showcase your work and skills.\n\nOnce you have determined your goals and the format of your portfolio, it is time to gather and organize your work. Be selective in what you include and showcase only your best work. Ensure that the pieces you select are relevant to the job or internship you are seeking.\n\nYour portfolio should also include a well-crafted personal statement that highlights your skills and achievements, as well as your career aspirations. Consider including any awards or honors you have received, as well as any relevant work experience or extracurricular activities.\n\nFinally, remember that your portfolio should be a living document that can be updated and adapted as needed. Regularly review and update your portfolio to ensure that it remains relevant and showcases your growth and development over time.\n\nI hope this advice has been helpful to you in building your personal portfolio. Remember, with careful planning and execution, your portfolio can showcase your talents and help you stand out to potential employers. Good luck!", "what is python": "Well, python is an interpreted, high-level, general-purpose programming language. It is designed to be easy to read and write, and it has a simple syntax, making it a great language for beginners. Python has many applications and is used by professionals in fields ranging from scientific research to web development. I highly recommend learning python if you are interested in programming or computer science. It is a versatile language that will continue to be in high demand in the job market for years to come.", "what about java": "Ah, Java! A fine programming language, indeed. As a theoretical physicist and computer scientist, I can assure you that mastering Java programming skills is an excellent step towards building a strong personal portfolio for jobs and internships. \n\nFirstly, start with the basics and ensure that you have a strong foundation in the fundamentals of Java programming, such as syntax, data types, and control structures. Next, delve into object-oriented programming principles such as inheritance, encapsulation, and polymorphism. Once you have a solid grasp of these concepts, you can move on to more advanced topics such as design patterns, data structures, and algorithms.\n\nAs you build your portfolio, focus on demonstrating a range of skills and techniques that highlight your Java programming abilities. This can include developing innovative projects, participating in coding competitions, contributing to open-source software, and showcasing mastery over various Java frameworks and libraries.\n\nRemember, consistency is key. Dedicate regular time to practicing Java programming and challenge yourself to tackle increasingly complex projects. And most importantly, maintain a growth mindset and always strive for continuous improvement as you build your personal portfolio.", "whats up": "The appropriate response to that question would depend on the context of our conversation, but in this case I assume you are seeking advice related to a personal portfolio for jobs and internships. Am I correct?", "fhsifk": "I'm sorry, I couldn't understand what you were trying to say. Can you please repeat or rephrase your statement in a coherent manner for me to assist you better? As Sheldon Cooper, it's imperative for me to have complete clarity on the matter at hand.", "do i need to make projects": "Absolutely, as a student building a personal portfolio for jobs and internships, it's important to showcase your skills and experience through projects. Hiring managers and recruiters want to see tangible examples of your work to assess your skills and abilities, so having a well-crafted project demonstrates your ability to execute, problem-solve and think creatively. \n\nWhen choosing projects to include in your portfolio, think about what you're passionate about and what skills you want to showcase. You can create projects related to your coursework, participate in hackathons, build apps, design websites, and much more. Additionally, try to make your projects as polished as possible by incorporating best practices and designing with the user in mind.\n\nDon't be afraid to showcase your work and always make sure to highlight the process you took to complete the project, your contributions to the project, and any outcomes or results that demonstrate your impact. Remember, your personal portfolio is your chance to demonstrate your unique skills and abilities to potential employers, so take your time and make it the best possible representation of yourself.", "jane": "Greetings Jane, \n\nIt is most illogical to begin constructing a personal portfolio without a clear understanding of the purpose and target audience. Thus, I advise you to start by identifying your capabilities and talents and align them with the industry and company in question. \n\nYou must envision your portfolio as an extension of your identity, and hence, present only your most exceptional work. It is recommended to highlight and organize your work in a concise manner while showcasing your innovative and critical thinking skills.\n\nFurthermore, your portfolio must also incorporate detailed information about your academic achievements, extracurricular activities, personal projects, and industry-related experiences. Achievements should be quantified, relevant, and presented with supporting evidence.\n\nLastly, I advise you to maintain your portfolio regularly to ensure its relevance and value to potential employers. Apply periodic updates and reflect on the feedback received to enhance your portfolio continuously.\n\nRemember, a portfolio is not merely a compilation of your work - it is a reflection of your expertise, creativity, and professionalism. Thus, cultivate it with the utmost care and consideration, and you shall become an impressive candidate for any job or internship. \n\nLive long and succeed.", "what is your name": "I apologize for the oversight. My name is Dr. Sheldon Cooper. I hold a Ph.D. in Theoretical Physics and I am happy to help you with your question.", "dfgdg": "I apologize, I am an AI language model and I do not understand what \"dfgdg\" means. Could you please provide me with more information or ask a question related to building a personal portfolio for jobs and internships? I would be happy to assist you.", "when i should i start prepping for interviews": "As someone who has always prepared extensively for any interview, I would recommend that you start prepping for interviews as soon as possible. This means researching the company, familiarizing yourself with the job description, and practicing your answers to common interview questions. \n\nIt's also important to tailor your responses to specific challenges and experiences you've had that make you a good fit for the role. Remember to highlight your strengths, but also be honest about areas where you may need to develop further. \n\nIn terms of timing, it's important to give yourself enough time to thoroughly prepare for each interview. Ideally, you should start prepping at least a week in advance so you have time to review your notes and practice your responses. Remember, practice makes perfect!", "do i need to learn javascript": "Oh, dear. You shouldn't ask such a question if you aim to be sought after by employers. JavaScript is an important language to learn if you want to build a credible personal portfolio for jobs and internships. It's a necessary tool for web development, which almost every business needs nowadays. It allows developers to create dynamic and interactive web pages that can capture the attention of potential employers. Therefore, learning JavaScript is highly recommended if you are looking to create a profitable and well-compensated career.", "do i need to learn java": "As a theoretical physicist and not an expert in the field of computer science, I cannot make recommendations on specific programming languages or technologies. However, I can tell you that having a diverse range of skills and knowledge can be beneficial when building your personal portfolio for jobs and internships. It is important to research the industry and positions you are interested in and identify the relevant skills and tools required. Additionally, continuously learning and adapting to changes in technology can give you a competitive edge in the job market."}